p4n_id,title,url,latitude,longitude,location_type,num_places,total_reviews,avg_rating,parking_min_eur,parking_max_eur,electricity_eur,review_seasonality,top_languages,ai_pros,ai_cons,last_scraped
370099,(7520) Sines - 18 Largo Ramos da Costa,https://park4night.com/en/place/370099,37.95525,-8.86465,Parking lot day/night,6.0,5,2.8,0.0,0.0,0.0,"{""2025-09"": 1, ""2024-07"": 1, ""2024-03"": 1}",es (2); en (1),central parking area (1); plenty of space (1); felt safe (1),very noisy (1); traffic noise (1); seagull noise (1); limited space for larger vehicles (1),2026-01-22 13:24:24
113748,(7630-174) Santa Maria - Rua do Cemitério,https://park4night.com/en/place/113748,37.59444,-8.644278,MH parking without services,3.0,47,3.23,0.0,0.0,0.0,"{""2026-01"": 1, ""2025-07"": 1, ""2025-05"": 1, ""2024-06"": 1, ""2024-01"": 1}",nl (1); fr (1); de (1); en (2),close to town center (1); quiet and secluded (1); lovely town worth visit (1); explicitly allowed parking (1),tight space for campers (2); sloping ground requires wedges (2); difficulty with large vehicles (1); lack of safety concerns (1); people looking into vans (1),2026-01-22 13:24:25
317227,(7520) Sines -,https://park4night.com/en/place/317227,37.964379,-8.858146,Extra services,50.0,22,4.09,0.0,0.0,0.0,"{""2025-12"": 1, ""2025-09"": 1, ""2025-07"": 2, ""2025-06"": 1, ""2025-03"": 1, ""2025-02"": 1, ""2024-10"": 1, ""2024-04"": 2}",de (1); fr (3); it (2); en (1); nl (2),convenient location near shops (4); machines work well (3); good value for money (2); clean facilities (2); fast drying (2),out of service (3); expensive (1); lack of services (1); not open 24/7 (1); unclean machines (1),2026-01-22 13:24:32
553945,(7630-174) Odemira -,https://park4night.com/en/place/553945,37.654036,-8.614705,Homestays accommodation,2.0,5,5.0,10.0,10.0,0.0,"{""2025-10"": 1, ""2025-09"": 1, ""2025-02"": 1, ""2025-01"": 1, ""2024-10"": 1}",de (3); en (2),friendly and welcoming hosts (5); beautiful nature surroundings (3); peaceful and quiet location (3); close to lagoons (2),remote location (1),2026-01-22 13:24:34
185459,(7520) Parque de Campismo da Ilha do Pessegueiro,https://park4night.com/en/place/185459,37.841802,-8.780198,Camping,0.0,81,3.3,20.0,26.5,0.0,"{""2026-01"": 1, ""2025-12"": 1, ""2025-11"": 1, ""2025-09"": 1, ""2025-08"": 6, ""2025-07"": 2, ""2025-05"": 3, ""2024-11"": 1, ""2024-09"": 1, ""2024-08"": 5, ""2024-07"": 3, ""2024-04"": 2}",en (7); de (5); fr (5); es (1); nl (1); pt (2); it (1),beautiful views (6); spacious pitches (5); friendly staff (5); clean toilets (5); quiet at night (3),dated sanitary facilities (13); lack of toilet paper (3); noisy neighbours (1); expensive pool (2); lack of shade (2),2026-01-22 13:25:03
420351,(7630-174) Odemira - Unnamed Road,https://park4night.com/en/place/420351,37.720535,-8.655896,Homestays accommodation,3.0,12,5.0,20.0,20.0,0.0,"{""2025-10"": 1, ""2025-08"": 4, ""2025-07"": 1, ""2025-05"": 1, ""2025-04"": 1, ""2024-08"": 1}",de (5); nl (1); pt (2),friendly and helpful hosts (7); clean facilities (6); hot water shower (5); planting a tree (3); quiet location (2),not much going on (1); slightly remote (1),2026-01-22 13:25:12
303940,(7645) Vila Nova de Milfontes - 29 Rua Das Pousadas,https://park4night.com/en/place/303940,37.729096,-8.782226,Parking lot day/night,0.0,131,4.07,0.0,0.0,0.0,"{""2026-01"": 1, ""2025-12"": 2, ""2025-11"": 4, ""2025-10"": 3, ""2025-09"": 3, ""2025-08"": 1, ""2025-06"": 1, ""2025-03"": 1, ""2025-01"": 1, ""2024-11"": 1, ""2024-10"": 1, ""2024-09"": 2, ""2024-08"": 4, ""2024-07"": 3, ""2024-06"": 2, ""2024-05"": 4, ""2024-04"": 1, ""2024-03"": 1, ""2024-02"": 2}",es (8); fr (7); de (7); it (5); en (3); nl (1); da (1); pt (1),free showers available (22); close to town center (11); public toilets available (10); hot water in showers (9); safe during the day (6),noisy at night (11); not recommended for overnight (9); lack of parking spaces (4); dubious characters present (3); police presence (2),2026-01-22 13:25:14
30087,(7645-285) Camping Milfontes,https://park4night.com/en/place/30087,37.731701,-8.78301,Camping,0.0,290,3.68,16.0,34.0,0.0,"{""2026-01"": 1, ""2025-12"": 2, ""2025-11"": 1, ""2025-10"": 6, ""2025-09"": 3, ""2025-08"": 10, ""2025-07"": 2, ""2025-06"": 5, ""2025-05"": 8, ""2025-04"": 3, ""2025-03"": 1, ""2025-02"": 1, ""2025-01"": 1, ""2024-12"": 4, ""2024-11"": 1, ""2024-10"": 3, ""2024-09"": 9, ""2024-08"": 10, ""2024-07"": 5, ""2024-06"": 3, ""2024-05"": 8, ""2024-04"": 5, ""2024-03"": 3, ""2024-02"": 2, ""2024-01"": 1}",nl (15); fr (15); de (14); en (10); es (6); it (4); pt (1),newly renovated sanitary facilities (20); clean sanitary facilities (19); good location near town (17); hot showers (15); friendly staff (13); supermarket on site (10); good value for money (9); shady pitches (8); quiet at night (7); good wifi (4); playground for children (4); beach nearby (3),chaotic pitches (23); pool costs extra (17); difficult to find a pitch (15); small pitches (10); overgrown pitches (3); no toilet paper (3); no hot water for washing up (3); noisy (5); unfriendly staff (6); sandy pitches (10); old sanitary facilities (7); crowded (3),2026-01-22 13:25:20
169931,(7540-195) Santiago do Cacém - 11 R. das Nogueiras,https://park4night.com/en/place/169931,38.011591,-8.697089,Extra services,20.0,27,4.11,0.0,0.0,0.0,"{""2025-11"": 2, ""2025-08"": 1, ""2025-04"": 1, ""2025-02"": 1, ""2024-12"": 1, ""2024-11"": 1, ""2024-09"": 2, ""2024-06"": 1, ""2024-03"": 2}",de (3); es (3); nl (2); en (2); fr (1); pt (2),free hot showers (7); clean facilities (4); nice place (2); free swimming pool (2),everything closed (3); showers close early (3); difficult to find (3); unfriendly staff (1); bad smelling toilets (1),2026-01-22 13:25:26
477612,(7520-313) Sines - 9 Quinta do Meio,https://park4night.com/en/place/477612,37.95456,-8.855858,Extra services,4.0,7,5.0,0.0,0.0,0.0,"{""2025-12"": 1, ""2025-11"": 1, ""2025-05"": 1, ""2025-03"": 1, ""2024-06"": 1, ""2024-05"": 1}",nl (4); en (1); de (1); hu (1),modern and clean facilities (4); ample parking space (3); fast and efficient machines (3); free and fast wifi (3); friendly staff (1),multiple locations (1),2026-01-22 13:25:27
556029,(7630-574) Quinta Vicentina,https://park4night.com/en/place/556029,37.591933,-8.777318,Private car park for campers,12.0,69,4.9,15.0,18.0,0.0,"{""2026-01"": 2, ""2025-12"": 1, ""2025-11"": 2, ""2025-10"": 7, ""2025-09"": 5, ""2025-08"": 18, ""2025-07"": 1, ""2025-06"": 3, ""2025-05"": 2, ""2025-04"": 7, ""2025-03"": 6, ""2025-02"": 4, ""2025-01"": 6, ""2024-12"": 4, ""2024-10"": 1}",pt (13); fr (12); es (7); en (7); nl (5); de (4); it (2),"friendly and welcoming owners (35); clean facilities and showers (25); peaceful and quiet atmosphere (19); farm animals on site (18); included services (electricity, laundry) (17); great value for money (10); natural surroundings (8); good for children (7); fresh eggs and produce offered (10)",uneven ground surface (5); limited hot water at peak times (3); electricity outlet far away (1); no light in bathroom (2); no lock on bathroom door (1); water not potable (2); difficult grey water disposal (2); flies due to farm animals (1),2026-01-22 13:25:43
20450,() Santiago do Cacém - 18 Estrada do Fidalgo,https://park4night.com/en/place/20450,38.012402,-8.69492,Free motorhome area,60.0,218,3.83,0.0,0.0,0.0,"{""2026-01"": 2, ""2025-11"": 3, ""2025-10"": 6, ""2025-09"": 1, ""2025-08"": 8, ""2025-07"": 2, ""2025-06"": 1, ""2025-05"": 2, ""2025-04"": 2, ""2025-03"": 2, ""2025-02"": 1, ""2025-01"": 1, ""2024-12"": 2, ""2024-10"": 2, ""2024-09"": 1, ""2024-08"": 5, ""2024-07"": 7, ""2024-06"": 2, ""2024-05"": 5, ""2024-04"": 5, ""2024-03"": 3, ""2024-02"": 3, ""2024-01"": 2}",fr (18); es (10); de (9); en (7); pt (6); it (3); nl (1); pl (1); eu (1),free services (26); quiet and peaceful (19); shade from trees (13); near swimming pool (13); near town/shops (7); clean facilities (4); picnic area (3),steep slope (25); difficult access/maneuvering (12); water services not working (5); overcrowding/locals occupying (5); small parking spaces (4); low branches (3); lack of electricity (2); dirty (1),2026-01-22 13:25:53
187368,(7520) Porto Covo - 10 Rua Carlos Tê,https://park4night.com/en/place/187368,37.854163,-8.789895,Parking lot day/night,20.0,171,3.6,0.0,0.0,0.0,"{""2025-10"": 4, ""2025-09"": 4, ""2025-08"": 15, ""2025-07"": 5, ""2025-06"": 4, ""2025-05"": 2, ""2025-04"": 3, ""2025-03"": 3, ""2025-02"": 3, ""2025-01"": 3, ""2024-12"": 3, ""2024-11"": 3, ""2024-10"": 2, ""2024-09"": 5, ""2024-08"": 12, ""2024-07"": 4, ""2024-06"": 4, ""2024-05"": 6, ""2024-03"": 1, ""2024-02"": 2, ""2024-01"": 1}",pt (22); es (10); fr (9); de (8); it (5); en (4); nl (2); cs (1),quiet at night (30); close to town center (26); close to beach (25); free parking (15); safe with other campers (11); flat ground (7); spacious (6),no services (23); dirt/dusty ground (14); construction nearby (13); crowded (11); not clean (5); prohibited signs (5); rowdy people (3),2026-01-22 13:26:03
73881,(7520) Sines - Unnamed Road,https://park4night.com/en/place/73881,37.960802,-8.843592,Extra services,0.0,63,4.52,,,0.0,"{""2026-01"": 3, ""2025-11"": 1, ""2025-10"": 1, ""2025-05"": 1, ""2025-04"": 2, ""2025-03"": 1, ""2025-01"": 1, ""2024-11"": 1, ""2024-06"": 1, ""2024-03"": 2, ""2024-02"": 1}",nl (3); it (1); en (2); fr (3); de (6),friendly and helpful owner (7); exchange german bottles (5); exchange french bottles (2); fill gpl tank (1); install gpl bottle (1); professional service (1); good english speaker (1); good french speaker (1); fill moroccan bottles (1),filling not possible (3); gas pump broken (2); not open on sunday (1); does not take spanish bottles (1),2026-01-22 13:26:10
588564,(7520) Sines - Unnamed road,https://park4night.com/en/place/588564,37.958769,-8.886944,Parking lot day/night,5.0,13,4.38,0.0,0.0,0.0,"{""2025-12"": 1, ""2025-11"": 1, ""2025-10"": 4, ""2025-09"": 3, ""2025-08"": 3, ""2025-07"": 1}",fr (4); de (2); es (3); pl (1),spectacular sea view (7); beautiful sunset (3); quiet night (2); many parking spots (1); good for overnight stay (1),smell of diesel/petrol (3); port zone signage (3); litter/trash around (2); uneven ground (1); police presence (1),2026-01-22 13:26:19
556333,(7520) Sines - 11 Rua Vitalina da Silva,https://park4night.com/en/place/556333,37.851921,-8.784749,Parking lot day/night,20.0,5,4.2,0.0,0.0,0.0,"{""2025-12"": 1, ""2025-06"": 1, ""2025-04"": 2, ""2024-10"": 1}",es (3); en (1); de (1),quiet place (4); ample parking (1); good for overnight stay (1),construction debris nearby (2); undeveloped area (2); other vehicles arriving late (1),2026-01-22 13:26:27
335819,(7520-219) Sines - 127 Rua Júlio Gomes da Silva,https://park4night.com/en/place/335819,37.95725,-8.861942,Extra services,1.0,5,5.0,0.0,0.0,0.0,"{""2025-11"": 1, ""2025-08"": 1}",nl (1); fr (1),clean and tidy (1); coffee machine available (1); fast and cheap (1),payment by cash or card (1),2026-01-22 13:26:35
18333,(7520) Camping Costa Vizir,https://park4night.com/en/place/18333,37.856445,-8.787106,Camping,200.0,423,4.28,40.0,60.0,0.0,"{""2026-01"": 2, ""2025-12"": 2, ""2025-11"": 2, ""2025-10"": 11, ""2025-09"": 11, ""2025-08"": 3, ""2025-07"": 8, ""2025-06"": 9, ""2025-05"": 10, ""2025-04"": 5, ""2025-03"": 6, ""2025-02"": 1, ""2025-01"": 2, ""2024-11"": 6, ""2024-10"": 6, ""2024-09"": 9, ""2024-08"": 6, ""2024-07"": 15, ""2024-06"": 11, ""2024-05"": 6, ""2024-04"": 4, ""2024-03"": 4, ""2024-02"": 6}",German (29); English (17); Spanish (15); French (14); Dutch (6),good location near beach/town (60); spacious pitches (36); great swimming pool (34); friendly and helpful staff (30); clean sanitary facilities (38); good value with ACSI (21); good restaurant and shop (12); quiet and relaxing atmosphere (10); modern facilities (5),high or expensive price (32); small or uneven pitches (13); defective or closed facilities (11); construction in town (9); lack of services (7); dirty sanitary facilities (6); poor or no WiFi (5); overcrowding and busy (5); lack of hot water (4); booking and reservation issues (4); unfriendly staff (3),2026-01-22 13:26:44
24042,(7645-243) Campiférias,https://park4night.com/en/place/24042,37.729698,-8.78315,Camping,50.0,169,3.43,15.0,21.0,0.0,"{""2025-11"": 1, ""2025-10"": 4, ""2025-09"": 4, ""2025-08"": 2, ""2025-07"": 1, ""2025-06"": 1, ""2025-04"": 5, ""2025-03"": 1, ""2025-01"": 1, ""2024-12"": 1, ""2024-11"": 2, ""2024-10"": 3, ""2024-09"": 3, ""2024-08"": 6, ""2024-07"": 3, ""2024-06"": 2, ""2024-05"": 8, ""2024-04"": 2, ""2024-03"": 1, ""2024-02"": 4, ""2024-01"": 1}",en (13); fr (12); de (9); es (5); nl (3); it (2); fi (1); pt (1),good location in town (24); clean facilities (17); friendly staff (11); close to beach (10); market nearby (10); hot water in showers (8); quiet at night (7); spacious pitches (6); good value for money (5); late check out (3),old facilities (15); crowded in high season (6); lack of hot water (5); small pitches (4); noisy (4); no dogs allowed (3); uneven pitches (3); unhygienic toilets (2); barbecues allowed (2); reception closed for lunch (2),2026-01-22 13:26:51
89145,(7630) Bp petromira,https://park4night.com/en/place/89145,37.618886,-8.728706,Extra services,4.0,17,3.82,0.0,0.0,0.0,"{""2025-10"": 1, ""2025-09"": 1, ""2025-08"": 1, ""2025-07"": 1, ""2024-06"": 1}",es (2); de (1); fr (2),free water refill (3); easy access (1); air available (2),water not potable (1); water not available (1); requires specific hose (1),2026-01-22 13:26:52
496539,(7630-174) Zambujeira do Mar - 22 Entrada da Barca,https://park4night.com/en/place/496539,37.549298,-8.791501,Extra services,2.0,5,4.0,0.0,0.0,0.0,"{""2025-11"": 1, ""2025-10"": 1, ""2025-01"": 1, ""2024-07"": 1, ""2024-06"": 1}",fr (3); de (2),good water quality (1); good water flow (1); nice location (1); good restaurant nearby (1),broken tap (1); low tap height (1); need adapter/hose (3),2026-01-22 13:27:00
23784,(7520-075) Campigir São Torpes,https://park4night.com/en/place/23784,37.908501,-8.79366,Camping,10.0,58,3.17,16.0,33.0,0.0,"{""2025-10"": 3, ""2025-09"": 1, ""2025-08"": 1, ""2025-07"": 1, ""2024-09"": 1, ""2024-08"": 1, ""2024-07"": 1, ""2024-06"": 2}",de (4); es (2); nl (1); fr (1); en (1); pt (1),friendly staff (4); close to beach (4); clean sanitary facilities (3); quiet location (3); warm water for showers (3); playground and sports facilities (3); camper facilities available (2),outdated facilities (4); many cats (4); unpleasant insects (2); poorly maintained pitches (2); lack of services (1); overcrowded with residents (1); poor hygiene in bathrooms (1),2026-01-22 13:27:07
304594,(7630-174) São Luís - 1 N120,https://park4night.com/en/place/304594,37.712412,-8.666083,Extra services,3.0,15,4.93,0.0,0.0,0.0,"{""2025-12"": 1, ""2025-09"": 1, ""2025-05"": 1, ""2025-01"": 1, ""2024-08"": 1, ""2024-03"": 1, ""2024-02"": 1}",nl (2); en (1); de (2); pl (1); fr (1),water pressure good (2); functional water source (5); easy to find water (1); drinkable water (1),need own connector (1),2026-01-22 13:27:15
162119,(7520) Sines - 127 Rua Marquês de Pombal,https://park4night.com/en/place/162119,37.955721,-8.869707,Extra services,0.0,8,5.0,,,0.0,"{""2025-06"": 1, ""2025-03"": 1}",fr (2),cheap laundry prices (1); clean facilities (1); multiple machines (1); wifi available (1); coffee machine (1),,2026-01-22 13:27:37
53648,(7520) Sines - M1109,https://park4night.com/en/place/53648,37.926072,-8.80566,Parking lot day/night,15.0,334,4.14,0.0,0.0,0.0,"{""2026-01"": 6, ""2025-12"": 2, ""2025-11"": 8, ""2025-10"": 6, ""2025-09"": 4, ""2025-08"": 11, ""2025-07"": 4, ""2025-06"": 5, ""2025-05"": 9, ""2025-04"": 8, ""2025-03"": 4, ""2025-02"": 5, ""2025-01"": 9, ""2024-12"": 7, ""2024-11"": 6, ""2024-10"": 8, ""2024-09"": 10, ""2024-08"": 7, ""2024-07"": 13, ""2024-06"": 2, ""2024-05"": 5, ""2024-04"": 6, ""2024-03"": 3, ""2024-02"": 1, ""2024-01"": 1}",english (25); german (20); spanish (14); portuguese (10); french (9); dutch (8); italian (4); czech (2); polish (1); swedish (1),quiet overnight stay (96); direct beach access (85); plenty of parking space (46); feels safe and secure (21); trash bins available (21),overcrowding and parking issues (46); lack of services (26); industrial area smell/view (16); litter and human waste (14); noise from dogs/people (13),2026-01-22 13:27:39
587424,(7520-109) Sines - A26-1,https://park4night.com/en/place/587424,37.96108,-8.88525,Parking lot day/night,6.0,22,4.27,0.0,0.0,0.0,"{""2025-12"": 1, ""2025-11"": 1, ""2025-10"": 4, ""2025-09"": 4, ""2025-08"": 5, ""2025-07"": 1, ""2025-06"": 6}",en (3); fr (5); de (6); es (3); it (1); nl (2),beautiful view (11); sunset view (6); sound of the sea (4); quiet place (3); close to sines (2); fishing opportunities (1),bad smell from refinery (5); sandy/rough terrain (4); overcrowded (3); loud music at night (1); trash on site (1),2026-01-22 13:27:48
314760,(7555) Cercal do Alentejo - Estrada de Colos,https://park4night.com/en/place/314760,37.79885,-8.666047,Parking lot day/night,3.0,15,3.73,0.0,0.0,0.0,"{""2024-09"": 1, ""2024-08"": 1, ""2024-03"": 2, ""2024-02"": 1}",en (1); pt (1); nl (1); es (1); fr (1),quiet at night (4); close to town center (1); flat ground (1); green spaces (1),rubbish dumping (1); early morning noise (1),2026-01-22 13:28:02
476938,(7630-174) Odemira - 13 Rua das Barreiras Vermelhas,https://park4night.com/en/place/476938,37.59756,-8.648049,Parking lot day/night,12.0,65,4.48,0.0,0.0,0.0,"{""2026-01"": 4, ""2025-12"": 1, ""2025-11"": 4, ""2025-10"": 5, ""2025-09"": 1, ""2025-08"": 7, ""2025-07"": 4, ""2025-06"": 6, ""2025-05"": 1, ""2025-04"": 2, ""2025-03"": 2, ""2025-01"": 5, ""2024-12"": 1, ""2024-11"": 2, ""2024-10"": 1, ""2024-09"": 2, ""2024-08"": 4, ""2024-07"": 2, ""2024-05"": 2, ""2024-04"": 3, ""2024-03"": 2, ""2024-02"": 1}",en (13); fr (12); nl (7); de (6); es (3); it (3); pt (3); pl (2); cs (1),quiet at night (27); nice river location (19); close to town (17); clean toilets nearby (13); pleasant surroundings (11); free parking (4); good for dog walking (2); picnic tables available (2),small parking spaces (6); limited maneuverability (3); no services (5); toilets have limited hours (4); parking closed/restricted (4); dogs barking (3); potential for getting stuck (2); noisy during day (1); unpleasant people at night (1); steep/windy access road (2),2026-01-22 13:28:23
26016,(7520-001) Sines - R261-5,https://park4night.com/en/place/26016,37.96526,-8.85882,Service area without parking,0.0,152,4.12,,,0.0,"{""2026-01"": 1, ""2025-12"": 2, ""2025-11"": 1, ""2025-08"": 1, ""2025-06"": 2, ""2025-05"": 2, ""2025-04"": 3, ""2025-02"": 2, ""2024-11"": 1, ""2024-10"": 1, ""2024-08"": 5, ""2024-03"": 1, ""2024-02"": 3, ""2024-01"": 1}",it (4); pt (4); es (4); uk (1); fr (4); de (3); nl (2); en (2),free with purchase (15); water and waste disposal (15); clean facilities (3); friendly staff (2); overnight stay allowed (1),paid service without purchase (5); sloping ground (2); difficult to maneuver (2); noisy (1); lack of potty disposal (1); water tap not working (1); dirty and neglected (1); limited opening hours (1); overcrowding (1),2026-01-22 13:28:25
18105,(7520-109) Estacionamento do Miradouro da Costa do Norte,https://park4night.com/en/place/18105,37.962002,-8.88444,Parking lot day/night,12.0,115,4.32,0.0,0.0,0.0,"{""2026-01"": 2, ""2025-12"": 2, ""2025-11"": 3, ""2025-10"": 6, ""2025-09"": 12, ""2025-08"": 9, ""2025-07"": 4, ""2025-06"": 6, ""2025-05"": 6, ""2025-04"": 5, ""2025-03"": 2, ""2025-02"": 2, ""2025-01"": 2, ""2024-12"": 2, ""2024-11"": 2, ""2024-10"": 1, ""2024-09"": 4, ""2024-08"": 1}",de (17); nl (8); it (7); fr (7); en (4); es (4); pt (3),beautiful sea view (35); great sunset view (17); quiet at night (16); lots of space (11); peaceful place (7),very windy (18); litter/trash left around (10); uneven ground (7); industrial smell (3); crowded at sunset (3),2026-01-22 13:28:38
163064,(7630-174) Odemira - 2A Rua Souza Prado,https://park4night.com/en/place/163064,37.597193,-8.642696,Extra services,0.0,25,4.44,,,0.0,"{""2025-10"": 1, ""2025-05"": 1, ""2025-03"": 2, ""2024-10"": 1, ""2024-09"": 2, ""2024-06"": 1}",nl (1); de (2); en (2); fr (1); es (2),very clean showers (4); friendly staff (3); hot showers (2); good price (3),closed on sundays (1); no electrical outlets (1); parking difficult to find (1),2026-01-22 13:28:51
111308,(7645-296) Vila Nova de Milfontes - Rua do Moinho de Vento Loja 13,https://park4night.com/en/place/111308,37.729523,-8.781386,Extra services,2.0,15,4.2,,,0.0,"{""2025-10"": 1}",de (1),clean machines (1); helpful staff (1); nearby shopping (1),,2026-01-22 13:29:03
130521,(7540) Santiago do Cacém - 14 Rua Vasco da Gama,https://park4night.com/en/place/130521,38.01659,-8.699258,Parking lot day/night,0.0,9,3.0,0.0,0.0,0.0,"{""2025-12"": 1, ""2025-01"": 1, ""2024-11"": 1, ""2024-10"": 1, ""2024-04"": 1}",de (1); fr (1); en (2); nl (1),quiet at night (1); flat parking with view (1); ideal for visiting village (1),very sloped parking (2); difficult access (1); road works (1); no services on site (1); busy at times (1),2026-01-22 13:29:17
212659,(7520)  - 8 Beco Praia da Cerca Nova,https://park4night.com/en/place/212659,37.853813,-8.785638,Extra services,0.0,17,2.88,,,0.0,"{""2025-03"": 1, ""2025-01"": 1, ""2024-12"": 1}",fr (1); de (1); nl (1),free water available (1),water not drinkable (1); unable to refill water (2); no explanation for refill issue (1),2026-01-22 13:29:53
414156,(7555) Chaparral - Unnamed Road,https://park4night.com/en/place/414156,37.798014,-8.673591,Service area without parking,0.0,66,4.76,0.0,0.0,0.0,"{""2025-12"": 2, ""2025-11"": 3, ""2025-10"": 2, ""2025-09"": 2, ""2025-08"": 6, ""2025-06"": 2, ""2025-05"": 1, ""2025-04"": 3, ""2025-03"": 1, ""2025-02"": 1, ""2025-01"": 3, ""2024-12"": 1, ""2024-10"": 2, ""2024-09"": 1, ""2024-08"": 2, ""2024-07"": 5, ""2024-06"": 2, ""2024-05"": 3, ""2024-02"": 1, ""2024-01"": 1}",es (10); fr (10); en (4); pt (3); de (3); nl (1),free services (17); clean facilities (14); water refill (11); waste disposal (10); quiet at night (3),tight for large vehicles (7); poor drainage / wet ground (5); water pressure low (2); requires water adapter (2); access difficult (2),2026-01-22 13:29:56
118590,(7630-174) Odemira - Unnamed Road,https://park4night.com/en/place/118590,37.598965,-8.630979,Parking lot day/night,10.0,25,3.92,0.0,0.0,0.0,"{""2025-10"": 1, ""2025-09"": 1, ""2025-08"": 1, ""2025-07"": 1, ""2025-06"": 2, ""2025-04"": 2, ""2025-02"": 1, ""2024-07"": 1, ""2024-04"": 1, ""2024-03"": 1}",de (3); fr (3); nl (3); es (1); pt (1); it (1),large parking area (5); quiet at night (5); close to supermarket (4); services available (3); flat surface (3),litter and trash (1); noise from deliveries (1); overcrowding (1); no services (1); noisy during day (1),2026-01-22 13:30:07
29073,(7520) Campsites Porto Covo,https://park4night.com/en/place/29073,37.852731,-8.787784,Camping,90.0,132,3.37,3.95,11.55,0.0,"{""2026-01"": 2, ""2025-11"": 1, ""2025-10"": 3, ""2025-09"": 2, ""2025-08"": 1, ""2025-07"": 6, ""2025-06"": 4, ""2025-05"": 3, ""2025-04"": 3, ""2025-03"": 2, ""2025-02"": 3, ""2025-01"": 1, ""2024-12"": 1, ""2024-11"": 1, ""2024-10"": 5, ""2024-09"": 3, ""2024-08"": 2, ""2024-07"": 5, ""2024-05"": 5, ""2024-04"": 4, ""2024-03"": 2, ""2024-02"": 2}",de (17); fr (10); en (6); es (5); it (4); pt (4); fi (1),clean facilities (17); friendly staff (11); close to town (10); quiet at night (7); good value (5); level pitches (3); hot showers (3); shaded pitches (2); good wifi (2),tight pitches (21); many permanent campers (11); unfriendly staff (5); poor sanitary facilities (5); noisy (4); difficult access (4); overcrowded (3); cats (4); pool closed (2); no toilet seats (2); slow check-in (4); lack of services (2),2026-01-22 13:30:23
110836,(7520) Sines - 47 Alameda da Paz,https://park4night.com/en/place/110836,37.95872,-8.867052,Parking lot day/night,10.0,15,3.47,,,0.0,"{""2025-06"": 1, ""2024-08"": 1, ""2024-07"": 1}",fr (1); es (1); de (1),close to city center (2); close to beach (1); parking with shade (1); close to gas station (1),noisy at night (1); illuminated at night (1); passing cars (1); feels like someone's garden (1),2026-01-22 13:30:34
86930,(7520-233) Sines - 15 Rua Paulo da Gama,https://park4night.com/en/place/86930,37.955733,-8.864568,Parking lot day/night,10.0,25,3.84,0.0,0.0,0.0,"{""2025-10"": 1, ""2025-07"": 1, ""2025-03"": 2, ""2025-02"": 1, ""2025-01"": 1, ""2024-10"": 1, ""2024-09"": 1, ""2024-07"": 2, ""2024-06"": 1, ""2024-04"": 1}",es (4); de (3); fr (2); nl (1); en (1),central location (4); clean public toilets (4); close to beach (2); flat ground (2); free parking (2),noisy at night (4); overcrowded (3); litter and trash (1); no services (1); police warning (1),2026-01-22 13:30:42
482151,(7630-174) Odemira - Avenida do Sul,https://park4night.com/en/place/482151,37.572381,-8.6674,MH parking without services,5.0,26,3.5,0.0,0.0,0.0,"{""2025-09"": 1, ""2025-06"": 1, ""2025-05"": 3, ""2025-04"": 1, ""2025-03"": 3, ""2025-02"": 1, ""2025-01"": 1, ""2024-09"": 1, ""2024-07"": 2, ""2024-05"": 3, ""2024-04"": 5, ""2024-03"": 2, ""2024-02"": 2}",nl (5); fr (5); pt (4); en (3); es (3); de (3); it (2),quiet night (11); clean place (4); free parking (3); close to supermarkets (3); calm area (2); legal parking spot (2); flat surface (2),unsafe feeling (6); loud people at night (4); no services available (4); difficult parking (1); overcrowding (1); police involvement (1),2026-01-22 13:30:44
341235,(7540) Santiago do Cacém - 14 Estrada do Fidalgo,https://park4night.com/en/place/341235,38.0073,-8.694869,MH parking without services,3.0,19,3.95,0.0,0.0,0.0,"{""2025-10"": 1, ""2025-05"": 1, ""2025-02"": 1, ""2025-01"": 4, ""2024-09"": 1, ""2024-04"": 1, ""2024-03"": 1}",en (4); es (2); de (2); it (1); pt (1),quiet at night (6); convenient supermarket access (5); free parking (3); service area nearby (2); nice views (2),noise from supermarket deliveries (1); difficulty finding waste disposal (2); noise from cooling system (1); slight slope (1); dog waste issues (1),2026-01-22 13:30:51
97590,(7630) Odemira - 3 Rua Do Comercio,https://park4night.com/en/place/97590,37.598017,-8.80642,Extra services,8.0,15,3.0,0.0,0.0,0.0,"{""2026-01"": 1, ""2024-07"": 1}",en (2),free parking (1); working shower (1); open everyday (1),no electricity (1); cold water shower (1),2026-01-22 13:30:51
45946,(7520) Sines - 1 A26-1,https://park4night.com/en/place/45946,37.949001,-8.86168,Parking lot day/night,3.0,40,3.62,0.0,0.0,0.0,"{""2026-01"": 1, ""2025-11"": 1, ""2025-09"": 2, ""2025-08"": 2, ""2025-06"": 2, ""2025-03"": 1, ""2025-02"": 1, ""2024-12"": 1, ""2024-11"": 1, ""2024-10"": 1, ""2024-09"": 1, ""2024-08"": 2, ""2024-07"": 1, ""2024-05"": 1, ""2024-04"": 1, ""2024-03"": 1}",it (4); de (4); es (3); fr (4); en (1),quiet at night (7); close to town center (8); free parking (3); spacious parking spots (3); safe (1),no services (3); noise from road (5); overcrowded (2); noise from port (2); police presence (2),2026-01-22 13:31:22
434834,(7555-267) Santiago do Cacém - Unnamed Road,https://park4night.com/en/place/434834,37.865338,-8.720496,Service area without parking,,89,4.6,,,,"{""2026-01"": 1, ""2025-12"": 3, ""2025-11"": 4, ""2025-10"": 5, ""2025-09"": 2, ""2025-08"": 5, ""2025-07"": 5, ""2025-06"": 1, ""2025-05"": 1, ""2025-04"": 3, ""2025-03"": 2, ""2025-02"": 3, ""2025-01"": 3, ""2024-12"": 3, ""2024-10"": 1, ""2024-09"": 5, ""2024-08"": 2, ""2024-07"": 12, ""2024-06"": 2, ""2024-05"": 3, ""2024-04"": 3, ""2024-03"": 2}",,,,2026-01-22 13:31:28
381425,(A26-1) Sines - 3 Rua Interior do Porto de Pesca de Sines,https://park4night.com/en/place/381425,37.95135,-8.874523,Parking lot day/night,5.0,23,3.78,0.0,0.0,0.0,"{""2025-09"": 1, ""2025-05"": 1, ""2025-04"": 1, ""2024-08"": 2, ""2024-07"": 3, ""2024-04"": 1, ""2024-03"": 1, ""2024-02"": 2}",fr (4); en (2); es (1); de (3); nl (1),quiet night (4); nice view (2); close to city (1); safe (1); friendly city (1),small parking spaces (4); ugly view industrial area (3); noisy due to club (1); dirty with trash (2); many cats (2),2026-01-22 13:31:37
99805,(7630-208) Odemira - N393,https://park4night.com/en/place/99805,37.591552,-8.666844,Extra services,5.0,18,3.0,0.0,0.0,0.0,"{""2025-11"": 1, ""2025-08"": 1, ""2025-07"": 1, ""2025-03"": 1, ""2025-02"": 1, ""2024-11"": 1}",de (1); es (1); pt (1); fr (3),quiet place to stay (2); free waste disposal (1); convenient for shopping (1),washing machine poor performance (3); dryer poor performance (1); payment method issues (2); expensive services (1); inconsiderate parking (1),2026-01-22 13:31:51
275662,(7540-205) Santiago do Cacém - 3 Rua Ramos da Costa,https://park4night.com/en/place/275662,38.014308,-8.692091,Extra services,1.0,9,5.0,0.0,0.0,0.0,"{""2025-10"": 1, ""2024-05"": 1, ""2024-04"": 1, ""2024-02"": 1}",de (2); nl (1); es (1),very clean (2); good price (1); fast drying (1); close to playground (2),long walk with laundry (1); payment by cash (1),2026-01-22 13:31:58
311902,(7520-196) Sines - 3 Largo Nossa Senhora das Salvas,https://park4night.com/en/place/311902,37.95271,-8.874758,Parking lot day/night,2.0,6,3.67,0.0,0.0,0.0,{},,,,2026-01-22 13:32:17
439205,(7630-174) Zambujeira do Mar - Unnamed Road,https://park4night.com/en/place/439205,37.52073,-8.788037,Extra services,0.0,22,4.05,,,0.0,"{""2025-09"": 1, ""2025-08"": 1, ""2025-04"": 1, ""2025-02"": 1, ""2024-09"": 3, ""2024-08"": 2, ""2024-07"": 1}",es (2); en (2); de (2); pt (2); it (1); fr (1),warm water (5); clean facilities (4); friendly staff (3); good price (4); nice location (2),closed unexpectedly (2); height restriction parking (3); poor drainage in shower (1); closed before stated time (1),2026-01-22 13:32:37
177331,(7645-065) Quinta do Rossi - Caravan Park,https://park4night.com/en/place/177331,37.808958,-8.76547,Private car park for campers,17.0,439,4.59,9.0,28.0,0.0,"{""2026-01"": 1, ""2025-12"": 1, ""2025-11"": 1, ""2025-10"": 4, ""2025-09"": 6, ""2025-08"": 5, ""2025-07"": 5, ""2025-06"": 2, ""2025-05"": 4, ""2025-04"": 4, ""2025-03"": 3, ""2025-02"": 2, ""2025-01"": 8, ""2024-12"": 2, ""2024-11"": 5, ""2024-10"": 4, ""2024-09"": 10, ""2024-08"": 20, ""2024-07"": 6, ""2024-06"": 4, ""2024-05"": 4, ""2024-04"": 4, ""2024-03"": 6, ""2024-02"": 2}",de (36); en (24); pt (14); es (12); fr (10); it (9); nl (7),friendly owners and staff (59); clean facilities and hot showers (48); quiet and relaxed atmosphere (20); animals on site (19); good value for money (14); bar and local products (13); good wifi available (5); spacious pitches (4); close to beach (4); safe and secure feeling (3),sanitary facilities not clean (8); dated and rustic facilities (7); unorganized or messy appearance (6); limited number of showers (3); donkey can be loud (3); long walk to beach (3); water quality issues (1); unfriendly reception (1); expensive services only (1); lack of shade (1),2026-01-22 13:33:23
372698,(7630-174) Odemira - 2b Rua Capitão Salgueiro Maia,https://park4night.com/en/place/372698,37.59991,-8.631203,Service area without parking,0.0,33,3.76,,,0.0,"{""2025-12"": 2, ""2025-10"": 1, ""2025-08"": 1, ""2025-06"": 1, ""2025-04"": 3, ""2025-02"": 1, ""2024-12"": 2, ""2024-11"": 2, ""2024-09"": 1, ""2024-08"": 1, ""2024-04"": 1, ""2024-03"": 1, ""2024-02"": 2}",en (4); fr (4); de (3); es (2); nl (1); pt (2); it (2),services functioning well (4); clean and tidy (3); helpful staff (3); good for waste disposal (3); washing machine available (2); electricity available (2); water available (2),water not working (5); dryer not working (3); space is tight (3); parking difficult (1); expensive supermarket (1); electricity issues (1),2026-01-22 13:33:26
311320,(X479+M3) Sines - Av. da Costa do Norte,https://park4night.com/en/place/311320,37.96415,-8.882271,Parking lot day/night,8.0,77,4.31,0.0,0.0,0.0,"{""2025-12"": 1, ""2025-11"": 1, ""2025-10"": 1, ""2025-09"": 4, ""2025-08"": 6, ""2025-07"": 1, ""2025-05"": 1, ""2025-04"": 1, ""2025-03"": 3, ""2025-02"": 1, ""2025-01"": 2, ""2024-12"": 2, ""2024-11"": 2, ""2024-10"": 4, ""2024-09"": 10, ""2024-08"": 10, ""2024-07"": 4, ""2024-06"": 2, ""2024-05"": 2, ""2024-04"": 2, ""2024-03"": 3, ""2024-02"": 2}",en (11); fr (11); de (10); es (3); it (3); nl (2); pt (2); he (1),beautiful view (27); quiet at night (23); sunset view (13); plenty of space (10); safe feeling with others (8); sound of waves (5); easy access (4); sunrise view (2),litter/trash (14); abandoned buildings (6); windy (10); uneven ground/potholes (5); crowded/no space late (4); no services (3); graffiti (3); mice (1); noisy locals at night (1),2026-01-22 13:33:32
341152,(7520-151) Sines - 5 Rua Sacadura Cabral,https://park4night.com/en/place/341152,37.95435,-8.867431,Parking lot day/night,20.0,45,3.82,0.0,0.0,0.0,"{""2026-01"": 2, ""2025-11"": 1, ""2025-10"": 2, ""2025-09"": 2, ""2025-08"": 2, ""2025-07"": 1, ""2025-06"": 1, ""2025-05"": 2, ""2025-02"": 1, ""2025-01"": 1, ""2024-10"": 1, ""2024-09"": 2, ""2024-08"": 1, ""2024-06"": 3, ""2024-05"": 3, ""2024-04"": 2, ""2024-03"": 1}",en (3); es (3); fr (5); de (4); pt (3); nl (2),close to beach (10); nice view (7); close to town center (6); public toilets available (6); safe feeling (4); showers available (4); playground nearby (2); exercise area (1),noisy due to cobblestone road (13); noisy due to traffic (7); noisy due to people/events (3); toilets are dirty (2); overcrowded in peak season (1); lack of services (1),2026-01-22 13:33:42
40034,(7645) Orbitur Camping Park - Sitava Milfontes,https://park4night.com/en/place/40034,37.779701,-8.78354,Camping,100.0,90,3.28,18.0,40.0,0.0,"{""2025-12"": 2, ""2025-09"": 3, ""2025-08"": 3, ""2025-07"": 1, ""2025-05"": 2, ""2025-04"": 1, ""2025-03"": 1, ""2025-02"": 2, ""2025-01"": 1, ""2024-12"": 2, ""2024-11"": 2, ""2024-10"": 3, ""2024-09"": 4, ""2024-08"": 5, ""2024-07"": 1, ""2024-05"": 2, ""2024-04"": 2, ""2024-03"": 2}",de (12); en (7); fr (4); nl (3); it (2); es (3); pt (1),clean sanitary facilities (10); friendly staff (7); close to beach (7); hot showers (4); good value with ACSI (2); nice pitches (2); activities available (3); supermarket on site (2); beautiful beach (2),outdated sanitary facilities (10); expensive (10); uneven pitches (5); lack of staff (3); overcrowded (2); difficult check-in process (3); poor wifi (2); long walk to beach (3); lack of waste disposal (1); police/fines (1),2026-01-22 13:33:42
646606,"(7540-148) Santiago do Cacém, Santa Cruz e São Ba - Trilho Rio da Figueira",https://park4night.com/en/place/646606,38.01007,-8.699473,Parking lot day/night,5.0,5,4.2,0.0,0.0,0.0,"{""2026-01"": 1, ""2025-12"": 2, ""2025-11"": 2}",de (3); en (1); nl (1),free parking (2); clean toilets and showers (2); quiet night (1); amazing view (1); short walk to town (1); free outdoor pool (1),prohibited for motorhomes (1); limited toilet opening hours (1),2026-01-22 13:33:50
122829,(7520-151) Sines -,https://park4night.com/en/place/122829,37.955235,-8.865839,Parking lot day/night,20.0,28,3.61,0.0,0.0,0.0,"{""2025-09"": 1, ""2025-05"": 1, ""2025-01"": 1, ""2024-11"": 1, ""2024-06"": 1, ""2024-05"": 1}",es (3); en (2); de (1),good parking for motorhomes (3); close to town center (2); nice castle walls (2); good views (1); clean public services (1),noisy at night (2); small parking spaces (2); not much else to do (1); expensive food nearby (1),2026-01-22 13:33:50
589090,(7645) Vila Nova de Milfontes -,https://park4night.com/en/place/589090,37.7603,-8.766879,Private car park for campers,10.0,28,4.86,10.0,10.0,0.0,"{""2025-10"": 4, ""2025-09"": 6, ""2025-08"": 7, ""2025-07"": 7, ""2025-06"": 3, ""2025-05"": 1}",en (8); es (6); nl (3); fr (4); de (4); it (2),quiet and peaceful place (18); friendly and welcoming hosts (17); spacious area (4); good value for money (2); close to beach (2); stargazing at night (4),lack of basic services (3); bumpy access road (1); potential for improvements (1); need for signage (1),2026-01-22 13:33:59
165654,(7555) Santiago do Cacém - Unnamed Road,https://park4night.com/en/place/165654,37.788288,-8.686092,Extra services,3.0,15,4.53,0.0,0.0,0.0,"{""2025-10"": 1, ""2025-08"": 1}",de (1); es (1),good water quality (2); nice atmosphere (1); interesting place (1); new renovations (1),crowded with locals (2); need to queue (1),2026-01-22 13:34:09
389406,(7520-106) Sines - Av. Gen. Humberto Delgado,https://park4night.com/en/place/389406,37.95956,-8.858946,Extra services,1.0,10,3.6,0.0,0.0,0.0,"{""2025-08"": 1, ""2025-01"": 1, ""2024-08"": 1, ""2024-05"": 1, ""2024-04"": 1, ""2024-03"": 1}",es (3); nl (1); en (2),free water (3); good pressure (2); easy to use (1),out of service (2); low water flow (1); takes time to fill (1),2026-01-22 13:34:17
361231,(7520-206) Sines - Unnamed Road,https://park4night.com/en/place/361231,37.964267,-8.858753,MH parking without services,3.0,51,4.1,0.0,0.0,0.0,"{""2026-01"": 2, ""2025-12"": 1, ""2025-11"": 1, ""2025-10"": 1, ""2025-09"": 1, ""2025-08"": 2, ""2025-07"": 1, ""2025-06"": 2, ""2025-05"": 2, ""2025-04"": 1, ""2025-03"": 1, ""2025-02"": 3, ""2025-01"": 2, ""2024-11"": 1, ""2024-10"": 2, ""2024-09"": 1, ""2024-08"": 1, ""2024-07"": 3, ""2024-06"": 1, ""2024-05"": 1, ""2024-04"": 3, ""2024-03"": 2, ""2024-02"": 1}",es (8); fr (7); en (5); de (5); pt (2); it (2); cs (1),convenient for shopping (10); quiet at night (10); safe place to park (9); laundry facilities nearby (7); flat and clean spots (4); good for large vehicles (3),noise from refrigerators (10); noise from trucks (7); difficult to find entrance (4); lack of services (3); noise from ventilation (3); noise from deliveries (2); noise from people (1),2026-01-22 13:34:19
475330,(7500-220) Sines - Unnamed Road,https://park4night.com/en/place/475330,38.043854,-8.790332,Parking lot day/night,4.0,8,3.88,0.0,0.0,0.0,"{""2025-10"": 2, ""2025-03"": 1, ""2024-05"": 1, ""2024-04"": 1, ""2024-03"": 1}",de (3); fr (2); en (2),viel platz (3); ruhig (2); leichte zufahrt (1); gute lage (1); sauber (1),kein service (2); laute karts und bikes (1); wilde hunde (2); zone industrielle (1),2026-01-22 13:34:38
361330,(7520) Sines - 1 Avenida Vasco da Gama,https://park4night.com/en/place/361330,37.950712,-8.863269,Parking lot day/night,10.0,41,3.98,0.0,0.0,0.0,"{""2025-10"": 3, ""2025-09"": 2, ""2025-08"": 4, ""2025-06"": 2, ""2024-08"": 1, ""2024-07"": 7, ""2024-06"": 1, ""2024-03"": 3, ""2024-02"": 2, ""2024-01"": 2}",es (7); en (6); nl (1); fr (3); eu (1); de (2),close to beach (7); close to town (6); quiet at night (7); safe place (4); plenty of space (4); nice views (1); picnic tables (1),road noise (8); no services (3); police asked to leave (1); overcrowding (1); dirty (1); difficult access (1); loud neighbors (1),2026-01-22 13:34:47
109040,(7630-174) São Luís - 4 Rua Liga dos Amigos,https://park4night.com/en/place/109040,37.715937,-8.662397,MH parking without services,,11,2.55,,,,"{""2025-04"": 1, ""2025-02"": 1, ""2025-01"": 1, ""2024-12"": 1}",,,,2026-01-22 13:34:54
260875,(7520-200) Sines - 40 Rua do Forte,https://park4night.com/en/place/260875,37.951051,-8.875287,Parking lot day/night,8.0,7,3.71,0.0,0.0,0.0,{},,,,2026-01-22 13:34:54
8637,(7630-740) Camping Villa Park Zambujeira,https://park4night.com/en/place/8637,37.525692,-8.775558,Camping,50.0,752,4.54,10.0,45.0,0.0,"{""2026-01"": 5, ""2025-12"": 8, ""2025-11"": 5, ""2025-10"": 15, ""2025-09"": 7, ""2025-08"": 11, ""2025-07"": 10, ""2025-06"": 11, ""2025-05"": 10, ""2025-04"": 17, ""2025-03"": 9, ""2025-02"": 9, ""2025-01"": 12, ""2024-12"": 9, ""2024-11"": 15, ""2024-10"": 13, ""2024-09"": 16, ""2024-08"": 24, ""2024-07"": 22, ""2024-06"": 13, ""2024-05"": 14, ""2024-04"": 11, ""2024-03"": 10, ""2024-02"": 7, ""2024-01"": 2}",German (49); French (30); English (25); Portuguese (13); Spanish (12); Dutch (5); Italian (4); Finnish (1),very clean facilities (70); friendly and helpful staff (30); good value for money (25); excellent location near beach (20); covered swimming pool (19); well-stocked supermarket (18); free choice of pitches (10); quiet at night (5),lack of organization (15); overcrowding (10); no toilet paper (9); uneven pitches (8); long electricity cable needed (5); sewerage smell (3); difficult access for large vehicles (3); unfriendly restaurant staff (1); brown tap water (1); stolen belongings (1),2026-01-22 13:37:00
46361,(7670) Barragem do Monte da Rocha - N261-4,https://park4night.com/en/place/46361,37.7271,-8.28781,Parking lot day/night,10.0,16,3.62,0.0,0.0,0.0,"{""2025-11"": 1, ""2025-08"": 2, ""2025-02"": 1, ""2024-12"": 1, ""2024-02"": 1}",de (3); es (1); en (1),quiet and peaceful (6); beautiful views (3); good for overnight stay (3); clean place (1),water pump noise (2),2026-01-22 12:44:21
153560,(7700-040) Almodôvar - 20 Rua da Ponte Romana,https://park4night.com/en/place/153560,37.512704,-8.056728,Parking lot day/night,4.0,6,3.0,0.0,0.0,0.0,"{""2024-06"": 1, ""2024-03"": 1}",pt (1); en (1),quiet and peaceful (1); central location (1),not suitable for motorhomes (1); uneven parking bays (1); takes up multiple spaces (1),2026-01-22 12:44:21
13843,(7600) Aljustrel - N2,https://park4night.com/en/place/13843,37.936401,-8.08083,Parking lot day/night,10.0,107,4.42,0.0,0.0,0.0,"{""2025-11"": 1, ""2025-10"": 4, ""2025-06"": 2, ""2025-05"": 2, ""2025-02"": 5, ""2025-01"": 4, ""2024-12"": 1, ""2024-10"": 4, ""2024-09"": 3, ""2024-08"": 1, ""2024-07"": 3, ""2024-06"": 2, ""2024-05"": 1, ""2024-04"": 4, ""2024-03"": 1, ""2024-02"": 3}",nl (9); fr (11); en (7); de (4); es (2); pt (1); it (1),quiet and peaceful (23); beautiful nature and views (13); plenty of space (6); friendly dogs (6); shade from trees (3); good 5G/LTE signal (3); child friendly (2); near the water/lake (5),no services (10); overflowing bins/trash (4); stray dogs barking (3); beware of procession caterpillars (1); noise from other campers (1); animals not cared for (2); overcrowding (1),2026-01-22 12:44:30
246912,(7540)  - N121,https://park4night.com/en/place/246912,38.01347,-8.58658,Private car park for campers,20.0,38,4.55,10.0,10.0,0.0,"{""2025-09"": 1, ""2025-08"": 2, ""2025-06"": 2, ""2025-03"": 1, ""2024-08"": 1, ""2024-06"": 2, ""2024-05"": 1, ""2024-04"": 1}",en (1); es (1); fr (3); pt (3); de (3),peaceful and quiet (5); nature setting (4); service area available (4); outdoor shower (4); easy check-in process (3),poor maintenance (2); unpleasant noise (1); difficult to contact host (3); unpleasant facilities (1); no electricity (1),2026-01-22 12:44:32
418320,(7670-215) Green Oaks Alentejo,https://park4night.com/en/place/418320,37.653384,-8.325752,"On the farm (farm, vineyard ...)",3.0,48,4.94,12.0,12.0,0.0,"{""2025-09"": 1, ""2025-07"": 1, ""2025-06"": 3, ""2025-05"": 1, ""2025-04"": 1, ""2025-02"": 3, ""2025-01"": 2, ""2024-12"": 1, ""2024-11"": 2, ""2024-08"": 5, ""2024-07"": 2, ""2024-06"": 3, ""2024-05"": 3, ""2024-04"": 4, ""2024-03"": 1}",de (16); nl (7); en (6); es (1); fr (2),beautiful nature (17); quiet and peaceful (15); friendly and helpful hosts (15); swimming lake/pond (10); fresh eggs available (8); outdoor shower (7); compost toilet (6); stargazing (3); olive oil for sale (3); goat milk yogurt for sale (3),bad roads / difficult access (1); algae in lake (1); basic facilities (1),2026-01-22 12:44:49
177225,(7570) Santa Margarida da Serra - Unnamed Road,https://park4night.com/en/place/177225,38.11311,-8.581369,"On the farm (farm, vineyard ...)",8.0,63,4.86,0.0,0.0,0.0,"{""2025-05"": 1, ""2025-02"": 1, ""2025-01"": 2, ""2024-11"": 1, ""2024-10"": 1, ""2024-08"": 1, ""2024-06"": 2, ""2024-05"": 2}",de (5); fr (3); sv (1); en (2),beautiful view (5); friendly host (5); peaceful and quiet (3); great for stargazing (1); good for mountain biking (1); off-grid experience (1); interesting permaculture project (1); relaxing atmosphere (1),difficult access road (7); road condition worsens with rain (3); not suitable for low vehicles (3); basic facilities (1); guard dog restricts movement (1); not worth it for short stays (1),2026-01-22 12:45:03
69788,(7600) Aljustrel - Rua Nossa Senhora do Castelo,https://park4night.com/en/place/69788,37.880798,-8.16701,Parking lot day/night,12.0,20,4.05,0.0,0.0,0.0,"{""2025-11"": 1, ""2025-01"": 1, ""2024-11"": 2, ""2024-10"": 2, ""2024-08"": 1, ""2024-01"": 1}",fr (4); de (1); en (1); pt (1); es (1),great view (6); quiet at night (3); close to village (1); interesting museum nearby (1),loud teenagers (1); barking dog (1); no services (1); steep and narrow road (1); some cars at night (1),2026-01-22 12:45:11
92831,(7700) Almodôvar - A do Sul,https://park4night.com/en/place/92831,37.535227,-8.184956,Rest area,20.0,26,4.19,0.0,0.0,0.0,"{""2025-07"": 1, ""2025-06"": 1, ""2025-05"": 1, ""2024-03"": 1}",pt (1); de (2); fr (1),free parking (2); free water (1); free hot shower (1); convenient location (1),always full of trucks (1); no warm showers (1); shower not very clean (1); exceeding 12h costs double (1),2026-01-22 12:45:25
310872,(8375) Joios de Cima - Graceland,https://park4night.com/en/place/310872,37.40629,-8.392914,"On the farm (farm, vineyard ...)",3.0,29,4.97,10.0,10.0,0.0,"{""2025-10"": 1, ""2025-09"": 1, ""2024-12"": 1, ""2024-10"": 1, ""2024-05"": 1, ""2024-04"": 1, ""2024-02"": 1, ""2024-01"": 1}",nl (3); en (3); de (2),amazing hosts (7); beautiful views (3); peaceful and quiet (3); fresh eggs and fruit (4); great for kids (2),,2026-01-22 12:45:33
119482,(7665-880) Santa Clara -a -Velha - 3 Pç. Doutor Oliveira Salazar,https://park4night.com/en/place/119482,37.512649,-8.475529,Extra services,0.0,7,3.71,0.0,0.0,0.0,"{""2025-11"": 1, ""2025-02"": 1, ""2024-04"": 1}",en (1); nl (1); cs (1),great walks and scenery (1); lovely aire nearby (1); warm shower (1); friendly staff (1),only via app (2); closed (1); under review (1),2026-01-22 12:45:58
33492,(7800-029) Parque de Campismo Municipal Beja,https://park4night.com/en/place/33492,38.007675,-7.862203,Camping,40.0,117,3.78,4.94,16.0,0.0,"{""2026-01"": 2, ""2025-12"": 1, ""2025-11"": 3, ""2025-10"": 4, ""2025-07"": 2, ""2025-06"": 3, ""2025-05"": 2, ""2025-04"": 2, ""2025-03"": 6, ""2025-02"": 4, ""2024-11"": 3, ""2024-10"": 3, ""2024-09"": 3, ""2024-08"": 2, ""2024-07"": 1, ""2024-06"": 1, ""2024-04"": 5, ""2024-03"": 5, ""2024-02"": 1, ""2024-01"": 1}",es (11); fr (10); de (8); nl (4); en (3); it (2); pt (2); ca (1),very clean facilities (17); good value for money (16); close to city center (13); friendly staff (10); hot showers (9); quiet at night (8); good water pressure (4); shaded spots (4); safe (3); new service area (2),dated facilities (20); uneven ground (5); muddy when raining (4); low hanging branches (4); narrow entrance (3); no marked pitches (3); basic facilities (2); lack of charm (2); some broken facilities (1); road closures (1),2026-01-22 12:46:14
47885,(7920-999) Camping Markadia,https://park4night.com/en/place/47885,38.184898,-8.10313,Camping,400.0,117,4.23,15.0,35.0,0.0,"{""2026-01"": 1, ""2025-10"": 2, ""2025-08"": 7, ""2025-07"": 5, ""2025-06"": 2, ""2025-05"": 1, ""2025-04"": 1, ""2025-03"": 1, ""2025-02"": 1, ""2025-01"": 4, ""2024-12"": 1, ""2024-10"": 3, ""2024-09"": 4, ""2024-08"": 1, ""2024-07"": 1, ""2024-06"": 2, ""2024-05"": 3, ""2024-04"": 3, ""2024-02"": 1}",en (7); de (7); fr (5); nl (3); pt (3); es (2); it (1); he (1),beautiful lake and views (19); quiet and peaceful atmosphere (18); clean facilities (16); friendly and helpful staff (11); spacious pitches with distance (10); good restaurant on site (8); natural surroundings (6); good value for money (2),no swimming pool (4); outdated facilities (4); expensive for what it offers (4); flies and mosquitos (3); limited shop hours (3); restaurant closes early (3); windy (2); factory emissions smell (2); overcrowded at peak times (2); poor wifi (1),2026-01-22 12:46:30
85517,(7670) Ourique - N123,https://park4night.com/en/place/85517,37.651114,-8.228256,Parking lot day/night,12.0,12,3.25,4.5,4.5,0.0,"{""2025-11"": 1, ""2025-09"": 1, ""2025-03"": 1, ""2024-08"": 1, ""2024-06"": 1}",fr (2); pt (2); nl (1),convenient for overnight stay (2); quiet and peaceful (2); close to main road (1); safe (1); some shade (1),not suitable for long campers (2); crowded (1); no amenities (1); difficult to find a spot (1),2026-01-22 12:46:30
223493,(7670) Parque Campismo - Barragem Monte da Rocha,https://park4night.com/en/place/223493,37.716498,-8.302152,Camping,50.0,127,4.24,10.0,13.5,3.5,"{""2025-12"": 1, ""2025-11"": 1, ""2025-10"": 3, ""2025-09"": 1, ""2025-08"": 7, ""2025-07"": 2, ""2025-06"": 2, ""2025-04"": 3, ""2025-03"": 1, ""2025-02"": 1, ""2025-01"": 4, ""2024-10"": 3, ""2024-09"": 2, ""2024-08"": 5, ""2024-07"": 3, ""2024-06"": 1, ""2024-05"": 3, ""2024-04"": 1, ""2024-03"": 3, ""2024-02"": 2}",en (10); fr (10); de (7); pt (7); nl (3); es (2); fi (2),quiet and peaceful place (20); nice swimming pool (15); good value for money (14); clean facilities (11); spacious pitches (8); friendly staff/owners (5); beautiful nature/views (5); hot showers (5); cheap bar/restaurant (4),lack of shade (9); swimming pool issues (7); dogs off leash (5); no supermarket nearby (4); poor access road (3); no card payments accepted (3); overcrowding/noise on weekends (2); restaurant not always open (2); sanitary facilities dated (1); no one to assist (1),2026-01-22 12:46:43
211999,(7800) Beja - Unnamed Road,https://park4night.com/en/place/211999,38.01102,-7.934898,Parking lot day/night,5.0,22,3.77,0.0,0.0,0.0,"{""2025-10"": 1, ""2025-08"": 1, ""2025-07"": 2, ""2025-05"": 1, ""2025-04"": 1, ""2025-02"": 1, ""2025-01"": 2, ""2024-10"": 1, ""2024-08"": 1}",de (3); fr (3); pt (2); en (2),quiet and peaceful night (8); beautiful natural surroundings (3); close to lake/beach (2); clean parking area (1); restaurant and bar nearby (1),difficult access road (6); dusty terrain (1); overgrown parking area (1); facilities closed (1); noise at night (1),2026-01-22 12:46:50
25558,(7780-200) Castro Verde Camping,https://park4night.com/en/place/25558,37.704899,-8.08768,Camping,50.0,148,4.21,8.53,22.71,0.0,"{""2026-01"": 2, ""2025-12"": 1, ""2025-11"": 1, ""2025-10"": 2, ""2025-09"": 1, ""2025-08"": 1, ""2025-06"": 2, ""2025-04"": 1, ""2025-03"": 3, ""2025-02"": 2, ""2025-01"": 3, ""2024-11"": 3, ""2024-10"": 1, ""2024-09"": 2, ""2024-08"": 1, ""2024-07"": 1, ""2024-06"": 2, ""2024-05"": 5, ""2024-04"": 3, ""2024-03"": 3, ""2024-02"": 1, ""2024-01"": 1}",fr (13); nl (4); de (4); en (4); pt (3); es (2); fi (1),clean facilities (13); friendly staff (11); good location (10); hot showers (6); quiet site (5); good value for money (4); washing machine available (4); close to town (3); swimming pool nearby (3); level pitches (1),outdated facilities (7); sloping pitches (7); expensive (5); poor maintenance (5); broken facilities (4); smell of sewage (1); overcrowding (1); flies (1); long term campers (3); lack of services (1),2026-01-22 12:46:53
440341,(7630) Adega dos Nascedios,https://park4night.com/en/place/440341,37.839335,-8.438748,"On the farm (farm, vineyard ...)",10.0,26,4.92,15.0,15.0,0.0,"{""2025-10"": 1, ""2025-08"": 2, ""2025-07"": 1, ""2025-05"": 3, ""2025-03"": 2, ""2025-01"": 1, ""2024-11"": 1, ""2024-10"": 3, ""2024-09"": 1, ""2024-07"": 3, ""2024-05"": 2, ""2024-02"": 1}",en (8); fr (5); nl (3); de (2),beautiful location vineyard (10); friendly welcoming host (9); wine tasting experience (10); delicious wine (7); quiet peaceful stay (6),no showers basic showers (4); barking dog (3); owner away no wine tasting (1); paid for water (1); no emptying facilities (1),2026-01-22 12:46:59
461743,(7670) Garvão -,https://park4night.com/en/place/461743,37.724937,-8.331787,"On the farm (farm, vineyard ...)",2.0,14,5.0,10.0,10.0,0.0,"{""2025-02"": 1, ""2025-01"": 2, ""2024-11"": 1, ""2024-08"": 1, ""2024-05"": 3, ""2024-04"": 1, ""2024-01"": 1}",fr (6); de (1); it (1); en (2),beautiful scenery and views (6); friendly and welcoming host (5); peaceful and quiet location (4); natural environment (3); good for stargazing (2),difficult to find (2),2026-01-22 12:47:13
192419,(7800) Beja - Unnamed Road,https://park4night.com/en/place/192419,38.016371,-7.93393,Parking lot day/night,50.0,11,3.73,0.0,0.0,0.0,"{""2025-11"": 1, ""2025-08"": 1, ""2025-05"": 2, ""2025-04"": 1, ""2024-10"": 1, ""2024-08"": 1, ""2024-04"": 1}",fr (3); de (3); es (1); en (1),quiet at night (4); nature setting (2); close to lake (1); close to roman ruins (1); snack bar available (1),parking lot neglected (2); dirt road dangerous (1); no services (1); windy (1),2026-01-22 12:47:27
442109,(7780-201) Castro Verde - 27 Rua Nova da Feira,https://park4night.com/en/place/442109,37.694579,-8.088147,Free motorhome area,6.0,75,4.23,0.0,0.0,0.0,"{""2026-01"": 1, ""2025-12"": 4, ""2025-11"": 3, ""2025-10"": 1, ""2025-09"": 4, ""2025-08"": 2, ""2025-07"": 2, ""2025-06"": 2, ""2025-05"": 3, ""2025-04"": 7, ""2025-03"": 3, ""2025-02"": 4, ""2025-01"": 1, ""2024-12"": 2, ""2024-11"": 1, ""2024-10"": 3, ""2024-07"": 1, ""2024-06"": 1, ""2024-05"": 3, ""2024-04"": 4, ""2024-03"": 3, ""2024-02"": 1}",nl (7); fr (7); de (6); pt (5); es (3); en (3); it (3); ko (1),free services (17); convenient shopping (15); quiet night (13); laundry facilities (10); water disposal and refill (9); safe and secure (3); close to town center (3),water tap broken/unavailable (10); noisy due to deliveries (8); limited water time (7); no trash bins (4); unhygienic water tap (3); sloping parking spots (3); no toilets on site (2); laundry facilities not ideal (2),2026-01-22 12:47:36
19694,"() Beja - Rua D2, proximo da rua nº 02050090",https://park4night.com/en/place/19694,38.020901,-7.87103,Parking lot day/night,0.0,12,2.75,0.0,0.0,0.0,"{""2025-04"": 2, ""2024-09"": 1, ""2024-08"": 1, ""2024-05"": 1, ""2024-02"": 1}",fr (3); es (2); en (1),proche de la ville (3); tranquille (2); bien pour stationnement (1); sûr et éclairé (1),bruit jusqu'à tard (1); bruit de route (1); pas bon pour nuit (1); sans services (1),2026-01-22 12:47:36
580214,(7780-520) São Marcos da Ataboeira - 1 Caminho Municipal,https://park4night.com/en/place/580214,37.706869,-7.93937,Free motorhome area,4.0,13,4.38,,,0.0,"{""2026-01"": 1, ""2025-11"": 1, ""2025-09"": 4, ""2025-07"": 1, ""2025-06"": 1, ""2025-05"": 2, ""2025-04"": 3}",fr (8); ru (1); es (2); de (1); en (1),quiet night (6); village welcome (4); barbecue facilities (4); tables and chairs (3); water available (3),no grey water disposal (2); unpleasant smell nearby (1); only for small vehicles (1); not very level (1),2026-01-22 12:47:42
46411,(7600) Aljustrel - 31 Rua da Estalagem,https://park4night.com/en/place/46411,37.884499,-8.15155,Parking lot day/night,4.0,6,2.67,0.0,0.0,0.0,"{""2024-10"": 1}",en (1),,out of service washing machine (1),2026-01-22 12:47:50
35314,(7600-311) Parque de autocaravanas da Quinta da Cerca,https://park4night.com/en/place/35314,37.831507,-8.24691,Private car park for campers,50.0,112,4.15,9.0,10.0,0.0,"{""2025-11"": 2, ""2025-10"": 4, ""2025-09"": 3, ""2025-08"": 5, ""2025-07"": 1, ""2025-06"": 1, ""2025-05"": 2, ""2025-04"": 2, ""2025-03"": 3, ""2025-02"": 4, ""2025-01"": 1, ""2024-12"": 2, ""2024-10"": 2, ""2024-09"": 5, ""2024-08"": 2, ""2024-07"": 2, ""2024-06"": 2, ""2024-04"": 2, ""2024-03"": 2, ""2024-02"": 3}",en (11); fr (10); de (9); es (3); nl (3); it (2); pt (2); fi (1),swimming pool available (24); friendly and helpful owner (16); good value for money (14); clean facilities (11); quiet and peaceful (10); spacious pitches (8); electricity included (7); services available (6); speaks multiple languages (5); safe and fenced (3),pool closed in winter (3); pool not well maintained (3); pay extra for showers (4); no internet reception (1); muddy ground after rain (2); site appears closed (3); lack of shade (1); no shops in village (1); caterpillars on trees (2); basic or primitive (2),2026-01-22 12:48:00
474342,(7750-017) HFR - Wine Experiences & Memorable Events,https://park4night.com/en/place/474342,37.818442,-7.859228,Private car park for campers,10.0,103,4.9,10.0,15.0,0.0,"{""2025-12"": 2, ""2025-09"": 3, ""2025-07"": 1, ""2025-06"": 1, ""2025-05"": 6, ""2025-04"": 8, ""2025-03"": 3, ""2025-02"": 6, ""2025-01"": 5, ""2024-12"": 4, ""2024-11"": 6, ""2024-10"": 2, ""2024-09"": 5, ""2024-08"": 2, ""2024-07"": 2, ""2024-06"": 3, ""2024-05"": 6, ""2024-04"": 6, ""2024-03"": 10, ""2024-02"": 10}",en (23); de (21); nl (19); fr (7); es (4); pt (3); it (1); da (1),friendly and welcoming hosts (59); wine tasting experience (48); delicious food and tapas (36); beautiful and peaceful location (31); interesting history of the estate (15); great views and starry nights (11); dogs welcome and can run free (4); clean bathroom facilities (3); offering local wines (3),"no services (water, electricity, waste) (17); pool not yet available (2); cold shower (1); pricing discrepancies (2)",2026-01-22 12:48:03
161746,(7600-095) Aljustrel - 13 Estrada de Aljustrel,https://park4night.com/en/place/161746,37.884745,-8.162999,Parking lot day/night,0.0,5,4.4,0.0,0.0,0.0,"{""2025-11"": 1, ""2025-05"": 1, ""2025-03"": 1, ""2024-10"": 1}",fr (2); de (1); en (1),quiet at night (2); near municipal pool (2); shaded parking spots (2); cheap diesel nearby (1); playground nearby (1),noise from sports training (1); noise from music rehearsal (1),2026-01-22 12:48:14
398761,(7665) Luzianes - Vale Cernes,https://park4night.com/en/place/398761,37.596175,-8.471197,Homestays accommodation,2.0,5,4.8,10.0,10.0,0.0,"{""2024-07"": 1, ""2024-04"": 1}",de (2),nice owners (2); quiet location (1); spacious place (2); nature surroundings (2); welcoming atmosphere (1),,2026-01-22 12:48:19
420555,(7600-033) Aljustrel - 46 Rua de Montes Velhos,https://park4night.com/en/place/420555,37.881333,-8.162451,Parking lot day/night,10.0,5,3.8,0.0,0.0,0.0,"{""2025-07"": 1, ""2025-04"": 1, ""2025-03"": 1, ""2025-02"": 1}",es (1); fr (2); en (1),quiet street (2); central location (2); good restaurant nearby (1),no services (1); not suitable for large vehicles (1); school kids in the morning (1),2026-01-22 12:48:22
428897,(7665) Monte Cruz,https://park4night.com/en/place/428897,37.559864,-8.403117,"On the farm (farm, vineyard ...)",2.0,7,4.43,15.0,15.0,0.0,"{""2024-11"": 1, ""2024-04"": 2}",de (2),beautiful nature (2); peaceful and relaxing (1); great surroundings (1); dog friendly (1),no longer exists (1); only for vans/small campers (1),2026-01-22 12:48:24
114103,(7800-296) Beja - 19 Rua de Santo Andre,https://park4night.com/en/place/114103,38.020191,-7.867842,Parking lot day/night,10.0,19,3.42,0.0,0.0,0.0,"{""2025-11"": 1, ""2024-04"": 1, ""2024-02"": 2}",es (2); en (2),close to castle (1); large parking area (1),dirty and abandoned (1); no services (2); steep access (1); insecurity and theft (1),2026-01-22 12:48:36
222022,(7600) Terra Nua - Naturist Camping Site,https://park4night.com/en/place/222022,37.845438,-8.284281,Camping,30.0,25,4.68,10.0,15.0,0.0,"{""2025-08"": 1, ""2025-06"": 1, ""2025-02"": 1, ""2024-11"": 1, ""2024-08"": 1, ""2024-03"": 1}",de (4); nl (1),quiet and peaceful (5); friendly owner (4); nice pool (2); strong shower pressure (2); naturist friendly (2),nudity required for all (1),2026-01-22 12:48:43
338554,(7670) Funcheira - Rua do Poço Novo 11,https://park4night.com/en/place/338554,37.724156,-8.341241,Homestays accommodation,4.0,5,3.8,5.0,5.0,0.0,"{""2025-12"": 1, ""2025-01"": 1, ""2024-11"": 1, ""2024-03"": 1}",en (3); nl (1),friendly and helpful host (3); beautiful fertile land (2); quiet and tranquil place (2); great for cycling (1); nice place by the river (1),scammed and disrespected (1); noise from road traffic (1); trains are audible (1),2026-01-22 12:48:49
157181,(7570) Minas do Lousal -,https://park4night.com/en/place/157181,38.039979,-8.422806,Parking lot day/night,100.0,15,4.33,0.0,0.0,0.0,"{""2025-05"": 2, ""2025-04"": 1, ""2025-03"": 1, ""2025-01"": 2, ""2024-04"": 1, ""2024-03"": 1}",de (4); nl (1); en (2); pt (1),quiet at night (4); lots of space (3); nice view (1); good internet (1); free service (1),no facilities (2); overcrowded (2); train noise (2); remote location (1),2026-01-22 12:48:51
114096,(7800-326) Beja - 1 Rua Natalia Correia,https://park4night.com/en/place/114096,38.01943,-7.874778,Parking lot day/night,30.0,23,3.87,0.0,0.0,0.0,"{""2025-12"": 1, ""2025-10"": 1, ""2025-09"": 2, ""2025-02"": 1, ""2025-01"": 1, ""2024-12"": 2, ""2024-11"": 1, ""2024-04"": 1}",fr (4); es (2); pl (1); nl (1),quiet and safe (4); pleasant green setting (2); good parking facilities (2); suitable for visiting town (2); clean parking area (1); water available (1),not suitable for large motorhomes (1); uneven parking surface (1); small parking spaces (1); sloping ground (1); no services available (1),2026-01-22 12:48:57
463241,(7565) Camping Monte Naturista O Barao,https://park4night.com/en/place/463241,38.018113,-8.484914,Camping,40.0,10,3.9,13.0,24.0,0.0,"{""2025-10"": 1, ""2025-09"": 2, ""2025-07"": 1, ""2024-09"": 2, ""2024-08"": 1, ""2024-04"": 1, ""2024-02"": 1}",nl (2); es (1); fr (3); it (2); de (1),very clean facilities (4); nice swimming pool (5); friendly staff (3); peaceful nature setting (3); good restaurant (2),minimum stay requirement (1); nudity rules strictly enforced (2); cold swimming pool (1); expensive (1),2026-01-22 12:49:06
35905,(7780) Castro Verde - E802,https://park4night.com/en/place/35905,37.7794,-8.01021,Free motorhome area,30.0,17,2.53,0.0,0.0,0.0,"{""2025-01"": 1, ""2024-05"": 1, ""2024-03"": 1}",fr (2); de (1),,lack of services (2); unpleasant atmosphere (2); dirty (1); poor maintenance (1),2026-01-22 12:49:25
13808,() Ourique - 128 Rua da Sardoa,https://park4night.com/en/place/13808,37.7276,-8.29644,Parking lot day/night,0.0,58,3.91,,,0.0,"{""2025-11"": 1, ""2025-10"": 1, ""2025-04"": 1, ""2025-03"": 1, ""2025-02"": 3, ""2024-11"": 1, ""2024-10"": 2, ""2024-08"": 1, ""2024-07"": 2, ""2024-05"": 1, ""2024-04"": 1, ""2024-03"": 2}",fr (10); nl (4); en (1); de (1),calm and quiet place (11); beautiful view (3); good restaurant food (6); nice walking/hiking (4); nature and greenery (2); starry sky (1); safe feeling (1),mosquitoes in the evening (1); expensive restaurant bill (1); unfriendly staff (1); low water level in lake (1),2026-01-22 12:49:28
299555,(7630) Monte Maravilhas,https://park4night.com/en/place/299555,37.64018,-8.402422,Camping,12.0,9,3.78,20.0,20.0,0.0,"{""2025-06"": 1, ""2024-12"": 1, ""2024-09"": 1, ""2024-08"": 1}",nl (1); fr (1); de (2),quiet and peaceful (3); clean facilities (2); nice pool (1); lots of space (1); beautiful location (1),uneven pitches (2); limited electricity hookups (1); no chemical toilet disposal (1); difficult access road (1); no dogs allowed (1),2026-01-22 12:49:33
105888,() Camping Serro da Bica,https://park4night.com/en/place/105888,37.567928,-8.264236,Camping,25.0,68,4.31,14.4,24.9,0.0,"{""2025-11"": 2, ""2025-09"": 3, ""2025-06"": 2, ""2025-05"": 1, ""2025-04"": 1, ""2025-03"": 1, ""2024-09"": 1, ""2024-06"": 2, ""2024-05"": 1, ""2024-04"": 3}",nl (6); fr (3); de (3); en (2); es (2),friendly hosts (7); clean facilities (6); quiet at night (5); spacious places (5); nice environment (4),expensive (3); closed unexpectedly (2); noise from machinery (2); unfriendly owners (1); lack of shade (1),2026-01-22 12:49:42
153566,(7700) Área de Serviço de Autocaravanas,https://park4night.com/en/place/153566,37.52389,-8.062792,Paying motorhome area,17.0,118,4.36,0.0,7.4,0.0,"{""2026-01"": 2, ""2025-12"": 2, ""2025-11"": 5, ""2025-10"": 1, ""2025-09"": 1, ""2025-08"": 1, ""2025-07"": 3, ""2025-06"": 4, ""2025-05"": 3, ""2025-04"": 9, ""2025-03"": 11, ""2025-02"": 5, ""2025-01"": 8, ""2024-12"": 3, ""2024-11"": 2, ""2024-10"": 7, ""2024-09"": 5, ""2024-08"": 5, ""2024-06"": 1, ""2024-05"": 1, ""2024-04"": 2, ""2024-03"": 5, ""2024-02"": 3, ""2024-01"": 2}",fr (30); en (10); de (7); pt (7); es (5); nl (3); it (3); fi (1),free services including electricity (44); thank you to the municipality (34); clean and well maintained (14); spacious and well-defined pitches (13); good wifi (8); close to municipal pool (11); picnic and barbecue area (6); close to town center (5); good for cycling (5),overstaying campers (ventouses) (10); road noise from N2 (12); barrier sometimes closed/inaccessible (4); lack of toilets/showers (5); grey water disposal issues (2); flies (1),2026-01-22 12:49:48
412703,(7630-536) Monte Huam Hu,https://park4night.com/en/place/412703,37.6069,-8.372093,"On the farm (farm, vineyard ...)",2.0,7,4.86,12.5,12.5,0.0,"{""2024-09"": 1, ""2024-08"": 2, ""2024-07"": 1, ""2024-03"": 1}",en (1); fr (2); de (1); nl (1),beautiful place extraordinary view (2); welcoming and attentive host (4); nice and clean facilities (1); quiet and idyllic place (2); magnificent garden natural environment (1),difficult road access (3); not suitable for large campers (2),2026-01-22 12:49:56
107576,(7800) Beja - 43 Rua de Nossa Senhora,https://park4night.com/en/place/107576,38.062698,-7.985523,Parking lot day/night,0.0,9,3.78,0.0,0.0,0.0,"{""2025-02"": 1}",en (1),amazing bird life (1); bins available (1); flat parking (1); fabulous location (1),,2026-01-22 12:50:20
46360,(7670)  - N261-4,https://park4night.com/en/place/46360,37.725101,-8.30103,Parking lot day/night,20.0,19,3.89,0.0,0.0,0.0,"{""2025-08"": 1, ""2025-06"": 1, ""2024-09"": 1, ""2024-08"": 1, ""2024-05"": 1, ""2024-04"": 2}",en (2); fr (1); de (2); nl (1),lake views (3); quiet and peaceful (3); nature setting (2); shade available (1); walking trails (1),difficult access road (4); mosquitoes (2); litter/trash (1); spooky at night (1); uneven terrain (1),2026-01-22 12:50:21
364858,"(7630-521) Odemira - Ameixeira, EM 503",https://park4night.com/en/place/364858,37.619874,-8.351978,"On the farm (farm, vineyard ...)",5.0,17,4.59,10.0,10.0,0.0,"{""2024-12"": 2}",nl (2),beautiful nature (2); friendly owner (2); peaceful and quiet (1); good for hiking (1),no good phone reception (1),2026-01-22 12:50:34
96065,(7780) Castro Verde - Rua da Corredoura,https://park4night.com/en/place/96065,37.694358,-8.090088,Service area without parking,10.0,60,3.98,0.0,0.0,0.0,"{""2025-12"": 1, ""2025-11"": 1, ""2025-04"": 2, ""2025-02"": 2, ""2024-10"": 1, ""2024-08"": 1, ""2024-05"": 1, ""2024-04"": 1, ""2024-02"": 1}",pt (4); fr (3); es (1); nl (1); de (1),free services (4); convenient shopping (3); laundry facilities (1); motorhome wash (1); restaurant nearby (1),non-potable water (5); dogs barking (1); roosters crowing early (1); lack of services (1),2026-01-22 12:50:47
485274,(7670) Alcaria - Unnamed Road,https://park4night.com/en/place/485274,37.57782,-8.301753,Parking lot day/night,5.0,5,5.0,0.0,0.0,0.0,"{""2025-08"": 1, ""2025-06"": 2, ""2025-05"": 1, ""2025-01"": 1}",fr (3); de (2),quiet location (4); scenic landscape (2); water available (3); picnic table (1); hiking nearby (1),potential for tourists in summer (1),2026-01-22 12:50:48
113547,(7700) Almodôvar - Unnamed Road,https://park4night.com/en/place/113547,37.519332,-8.077693,Parking lot day/night,5.0,6,4.5,0.0,0.0,0.0,"{""2025-03"": 1, ""2025-01"": 1, ""2024-10"": 1}",fr (2); nl (1),great view (3); easy route (1); quiet at night (1); clean (1); good internet (1),avoid in high wind (1); crowded (1),2026-01-22 12:50:54
396566,(7700-999) Aldeia dos Fernandes - E1,https://park4night.com/en/place/396566,37.537185,-8.1828,Rest area,1.0,12,4.0,,,0.0,"{""2025-10"": 1, ""2025-08"": 1, ""2025-05"": 1, ""2025-04"": 2, ""2024-11"": 1, ""2024-09"": 1, ""2024-03"": 1}",fr (2); es (1); en (2); de (1); pt (1),water filling available (4); toilet emptying available (3); free services (1); showers available (1),no grey water disposal (3); noisy from highway (1); black water emptying full (1); black water emptying dirty (1); water flow is slow (1); toll ticket validity short (1); services closed (1),2026-01-22 12:51:04
242334,(7900-568) Ferreira do Alentejo - 4 Largo dos Bombeiros Voluntários,https://park4night.com/en/place/242334,38.059348,-8.119975,Parking lot day/night,5.0,6,3.17,0.0,0.0,0.0,"{""2024-09"": 1, ""2024-02"": 2}",pt (1); fr (1); nl (1),bonito jardim público (1); nuit tranquille (1); brandweerlieden vinden het prima (1),acesso muito difícil (1); estará cortado nos próximos dias (1); bouwvakker van de overzijde niet (1),2026-01-22 12:51:16
101861,(7780-201) Castro Verde - 9 Largo da Feira,https://park4night.com/en/place/101861,37.696684,-8.088233,Parking lot day/night,100.0,77,4.26,0.0,0.0,0.0,"{""2026-01"": 1, ""2025-09"": 1, ""2025-08"": 1, ""2025-04"": 1, ""2025-02"": 4, ""2024-12"": 2, ""2024-11"": 2, ""2024-10"": 2, ""2024-08"": 2, ""2024-07"": 1, ""2024-06"": 1, ""2024-05"": 2, ""2024-04"": 2, ""2024-03"": 2, ""2024-02"": 4, ""2024-01"": 1}",en (11); fr (9); es (5); nl (3); de (3); pt (1),quiet night (14); close to supermarkets (8); public toilets available (7); plenty of space (5); visit the town (5); free services nearby (4); nice views (2),no shadows (1); can be windy (1); monthly market day (3); noise from intermarche fans (1); vans parking too close (2); uncertainty about overnight stay (1); noise from traffic (1); noise during day (1); angry local resident (1),2026-01-22 12:51:26
50070,(7570) Minas do Lousal - 210 Rua 25 Abril,https://park4night.com/en/place/50070,38.035801,-8.42889,Free motorhome area,12.0,300,4.27,0.0,0.0,0.0,"{""2026-01"": 5, ""2025-12"": 2, ""2025-11"": 3, ""2025-10"": 4, ""2025-09"": 6, ""2025-08"": 10, ""2025-07"": 4, ""2025-06"": 6, ""2025-05"": 4, ""2025-04"": 9, ""2025-03"": 12, ""2025-02"": 8, ""2025-01"": 7, ""2024-12"": 5, ""2024-11"": 3, ""2024-10"": 8, ""2024-09"": 11, ""2024-08"": 4, ""2024-07"": 9, ""2024-06"": 4, ""2024-05"": 11, ""2024-04"": 12, ""2024-03"": 7, ""2024-02"": 5, ""2024-01"": 1}",English (25); French (20); German (17); Spanish (15); Dutch (10); Portuguese (10); Italian (5); Czech (1); Slovak (1); Bulgarian (1); Swedish (1); Polish (1),quiet and calm place (61); free electricity (52); all services available (49); clean and well maintained (46); mine site and museum (46); thanks to municipality (44); good great place (40); spacious pitches (19),dog related issues (47); parking full no space (15); electricity not working (11); lack of local amenities (9); permanent residents long-term stays (5); no toilets (5); rooster farm animal noise (5),2026-01-22 12:53:09
99617,(8500-130) CampingCar Figueira,https://park4night.com/en/place/99617,37.169179,-8.601151,Paying motorhome area,30.0,642,4.69,15.0,22.5,0.0,"{""2026-01"": 3, ""2025-12"": 3, ""2025-11"": 3, ""2025-10"": 9, ""2025-09"": 12, ""2025-08"": 9, ""2025-07"": 11, ""2025-06"": 7, ""2025-05"": 3, ""2025-04"": 8, ""2025-03"": 10, ""2025-02"": 2, ""2025-01"": 7, ""2024-12"": 2, ""2024-11"": 7, ""2024-10"": 15, ""2024-09"": 22, ""2024-08"": 23, ""2024-07"": 19, ""2024-06"": 9, ""2024-05"": 10, ""2024-04"": 3, ""2024-03"": 8, ""2024-02"": 1, ""2024-01"": 1}",fr (49); es (22); de (19); en (13); nl (7); it (6); pt (4); cz (1),friendly and helpful staff (69); clean facilities (52); quiet at night (37); good value for money (34); all services included (30); speaks french (26); well maintained site (24); hot water showers (21); scooter rental available (17); level pitches (15); good location for exploring (14); playground for children (6); shaded pitches (5),small pitches (26); noisy during the day (17); outdated sanitary facilities (16); dogs barking at night (15); roosters crowing early (13); difficult access for large vehicles (11); lack of hot water (7); limited number of toilets/showers (7); no toilet paper provided (5); no shade (3); wifi is weak (2); construction noise (2),2026-01-22 09:32:05
304807,(8650-196) QuintaQuez,https://park4night.com/en/place/304807,37.104423,-8.801377,"On the farm (farm, vineyard ...)",5.0,170,4.76,15.0,15.0,0.0,"{""2026-01"": 7, ""2025-12"": 4, ""2025-11"": 6, ""2025-10"": 7, ""2025-09"": 5, ""2025-08"": 19, ""2025-07"": 6, ""2025-06"": 3, ""2025-05"": 3, ""2025-04"": 3, ""2025-03"": 1, ""2025-01"": 3, ""2024-12"": 1, ""2024-11"": 1, ""2024-10"": 7, ""2024-09"": 4, ""2024-08"": 8, ""2024-07"": 3, ""2024-06"": 2, ""2024-05"": 3, ""2024-04"": 4, ""2024-03"": 1, ""2024-02"": 1}",de (43); nl (7); fr (10); en (10); es (5),warm welcome (34); friendly hosts (32); quiet and peaceful (30); animals are a highlight (29); spacious and private pitches (26); nature setting (20); good for children (19); hot shower (15); electricity included (13); good location for exploring (11); fresh figs provided (8); clean facilities (6); good value for money (5); helpful tips (5),difficult road access (7); no drinking water (4); hot shower not working (3); no toilet/shower facilities (2); noisy dogs (2); no bins (1); no phone number for contact (1); unhappy owner on arrival (1); children too noisy (1); salty water (1); don't flush toilet paper (1),2026-01-22 09:31:57
579044,(8650-450) Romano Rancho – Boutique off-grid farm stay,https://park4night.com/en/place/579044,37.108685,-8.806105,"On the farm (farm, vineyard ...)",3.0,71,4.77,,,0.0,"{""2026-01"": 2, ""2025-12"": 3, ""2025-11"": 5, ""2025-10"": 14, ""2025-09"": 11, ""2025-08"": 13, ""2025-07"": 6, ""2025-06"": 7, ""2025-05"": 10}",en (18); de (15); nl (6); fr (11); es (2); it (2),friendly and welcoming hosts (30); peaceful and quiet nature (25); basic but functional facilities (10); natural and sustainable living (8); good location for visiting (5); space and nature (4); good for children (3),muddy access road after rain (10); lack of privacy in shower (7); basic facilities not luxury (6); shower water not always hot (5); limited water pressure (2); no grey water disposal (2); no electricity hookup (2); expensive for what it is (1),2026-01-22 09:31:47
30443,(7630-592) Parque De Campismo São Miguel,https://park4night.com/en/place/30443,37.438301,-8.75583,Camping,400.0,193,3.82,13.5,28.0,7.0,"{""2025-10"": 2, ""2025-09"": 2, ""2025-08"": 4, ""2025-06"": 2, ""2025-05"": 2, ""2025-04"": 4, ""2025-03"": 2, ""2025-01"": 1, ""2024-11"": 1, ""2024-10"": 3, ""2024-09"": 2, ""2024-08"": 8, ""2024-07"": 2, ""2024-05"": 2, ""2024-04"": 3, ""2024-03"": 2, ""2024-02"": 1}",en (5); fr (5); es (4); de (4); it (4); nl (2); pt (1),clean facilities (10); friendly staff (9); quiet location (7); shaded spots (5); good wifi (4); nice pool (4),expensive price (17); unclear pitches (9); old facilities (7); dirty facilities (5); pool closed (3); long check-in time (3); electricity issues (3),2026-01-22 09:31:46
